{
  "logistic": {
    "roc_auc": 0.7383232152462923,
    "brier": 0.08951631530112064,
    "cm": [
      [
        712,
        3
      ],
      [
        84,
        7
      ]
    ]
  },
  "random_forest": {
    "roc_auc": 0.6383770076077768,
    "brier": 0.09772311024578152,
    "cm": [
      [
        715,
        0
      ],
      [
        91,
        0
      ]
    ]
  },
  "xgboost": {
    "roc_auc": 0.6570660109121648,
    "brier": 0.09656357872373492,
    "cm": [
      [
        711,
        4
      ],
      [
        87,
        4
      ]
    ]
  },
  "neural_network": {
    "roc_auc": 0.5,
    "brier": 0.10015762673250866,
    "cm": [
      [
        715,
        0
      ],
      [
        91,
        0
      ]
    ]
  }
}